{"<global>":{"menu":["menu"]},"colores":{"add":["add"],"delete":[],"edit":["edit"],"export":["export"],"import":["import"],"list":["list"],"print":["print"],"search":["search"],"view":["view"]},"dts":{"add":["add"],"delete":[],"edit":["edit"],"export":["export"],"import":["import"],"list":["list"],"print":["print"],"search":["search"],"view":["view"]},"estadios":{"add":["add"],"delete":[],"edit":["edit"],"export":["export"],"import":["import"],"list":["list"],"print":["print"],"search":["search"],"view":["view"]},"goles":{"add":["add"],"delete":[],"edit":["edit"],"export":["export"],"import":["import"],"list":["list"],"print":["print"],"search":["search"],"view":["view"]},"jugadores":{"add":["add"],"delete":[],"edit":["edit"],"export":["export"],"import":["import"],"list":["list"],"print":["print"],"search":["search"],"view":["view"]},"partidos":{"add":["add"],"delete":[],"edit":["edit"],"export":["export"],"import":["import"],"list":["list"],"print":["print"],"search":["search"],"view":["view"]},"posiciones":{"add":["add"],"delete":[],"edit":["edit"],"export":["export"],"import":["import"],"list":["list"],"print":["print"],"search":["search"],"view":["view"]},"selecciones":{"add":["add"],"delete":[],"edit":["edit"],"export":["export"],"import":["import"],"list":["list"],"print":["print"],"search":["search"],"view":["view"]},"tipos de goles":{"add":["add"],"delete":[],"edit":["edit"],"export":["export"],"import":["import"],"list":["list"],"print":["print"],"search":["search"],"view":["view"]}}